Service Delay,Conflicting Flow(P/m), Proportation of 3W&4W
14,13.49,17.7
13,19.23,19.7
13,21.915,14.9
14,12.18,17.8
14,21.29,18.4
16,8.935,12.24489796
23,5.915,32.9
25,22.985,31.64556962
27,20.3,27.16049383
31,26.65,39.75903614
31,25.7,24.17582418
33,30.515,30.12048193
36,29.73,30.58823529
37,28.35,30.43478261
38,30.3,32
39,30.12,31.95876289