Service Delay,Conflicting Flow(P/m), Proportation of 3W&4W
40,19.39,44.64285714
36,26.25,42.85714286
44,27.9,39.39393939
29,17.9,39.39393939
38,29.295,29.3
14,24,30.69306931
22,23.37,30.64516129
30,27.83,31.8
19,24.67,27.35849057
15,22.69,24.13793103
12,22.69,24.13793103
11,18.415,23.37662338
20,24.27,23.21428571
6,15.13,18.9
7,14.245,16.43835616
4,14.245,16.43835616
12,20.04,15
15,17.42,13.82978723
10,20.335,10.43478261